"CONTRACT_ACCOUNT_NO_MASKED","PLN_AREA_C","POSTAL_CD_FINAL","PREMISE_TYPE","MONTH","PERTURBATED_CONSUMPTION","PERTURBATED_AMT"
"0000000076","OT","050536","HDB 3-ROOM","1","146.97371857","31.936394487"
"0000421899","YS","760229","HDB 5-ROOM","9","159.78524853","38.552007735"
"0000713509","QT","140096","HDB 3-ROOM","12","264.96222247","61.844990271"
"0000713512","PG","822195","HDB 4-ROOM","1","352.08213428","77.673438932"
"0000940111","HG","530235","HDB EXECUTIVE","12","802.72624479","187.35215861"
"0000940114","JW","640463","HDB 4-ROOM","1","427.46606047","96.141003055"